<?xml version="1.0" encoding="UTF-8"?>
<jcr:root xmlns:cq="http://www.day.com/jcr/cq/1.0" xmlns:jcr="http://www.jcp.org/jcr/1.0"
    jcr:primaryType="cq:Page">
    <jcr:content/>
    <menu/>
    <models/>
    <our-partners/>
    <our-world/>
    <brand/>
    <news/>
    <events/>
    <autoshows/>
    <challenges/>
    <experiences/>
    <contact-us/>
    <quattroporte-global-campaign/>
    <ownership/>
    <shopping-tools/>
    <bluetooth/>
    <stay-in-touch/>
    <others/>
    <generics/>
    <search/>
    <features-and-equipment/>
    <trash/>
    <test/>
    <test1/>
    <redesign-ownership/>
    <redesign-brand/>
    <History-page/>
    <Test-Page/>
    <test-page-2/>
    <classic-cars/>
    <Values-Page/>
    <test-values-page/>
    <mycustomtester/>
</jcr:root>
