<?xml version="1.0" encoding="UTF-8"?>
<jcr:root xmlns:sling="http://sling.apache.org/jcr/sling/1.0" xmlns:cq="http://www.day.com/jcr/cq/1.0" xmlns:jcr="http://www.jcp.org/jcr/1.0" xmlns:mix="http://www.jcp.org/jcr/mix/1.0" xmlns:nt="http://www.jcp.org/jcr/nt/1.0"
    jcr:primaryType="cq:Page">
    <Maserati-reveals-the-new-Ghibli-GranLusso-and-GranSport/>
    <Maserati-a-new-challenge-Multi70/>
    <Maserati-historical-cars-padua/>
    <Maserati-releases-first-images-of-the-new-Ghibli-GranLusso/>
    <MaseratiMulti70-finishes-the-Transpac-Race-in-Honolulu-in-third-place0/>
    <MaseratiMulti70-finishes-the-Transpac-Race-in-Honolulu-in-third-place/>
    <Maserati-Multi70-crossed-the-start-line-of-the-2017-Transpacific-Race/>
    <MY18-GranTurismo-GranCabrio-star-at-Goodwood-Festival-of-Speed/>
    <Maserati-and-Motorvehicle-University-of-Emilia-Romagna/>
    <Maserati-Royal-Charity-Polo-Trophy/>
    <Maserati-unveils-new-special-edition-Ghibli-Nerissimo-at-New-York-international-auto-show/>
    <Maserati-100000-a-Quattroporte-Gransport-Sedan-presented-to-Chinese-customer-at-Auto-Shanghai-2017/>
    <Dubai-Polo-Trophy-2017/>
    <Geneva-International-Motor-Show-2017/>
    <Maserati-Multi70-finishes-a-close-second-in-the-ninth-edition-of-the-RORC-Caribbean-600/>
    <Giovanni-Soldini-s-Maserati-Multi70-trimaran-starts-RORC-Caribbean-600-Race-in-Antigua/>
    <_x0032_017-snow-polo-world-cup-st-moritz/>
    <Maserati-car-number-100000-leaves-the-AGAP-at-Grugliasco/>
    <Victory-and-multihull-record-for-Maserati-Multi70/>
    <maserati-and-soldini--the-37th-rolex-middle-sea-race-has-started/>
    <Ermenegildo-Zegna-and-Maserati-at-Harrods/>
    <Maserati-at-the-Paris-Motor-Show/>
    <Maserati-Multi70-ocean-bound-and-in-full-flight/>
    <Maserati-Polo-Tour-2016-concludes-with-inspiring-play-at-the-China-Open/>
    <Dubai-Polo-Team-wins-the-Maserati-Bronze-Cup-at-the-45th-International-Polo-Tournament-in-Sotogrande/>
    <maserati-polo-tour-and-la-martina-partner-for-prestigious-uspa-maserati-silver-cup-in-santa-barbara/>
    <Maserati-and-Giovanni-Soldini-a-massive-technological-challenge/>
    <Beaufort-Polo-Club-plays-host-to-Maserati-Royal-Charity-Polo-Trophy-as-part-of-the-Maserati-Polo-Tour-in-collaboration-with-La-Martina/>
    <The-New-Quattroporte-restyling-and-range-strategy-for-a-new-product-experience/>
    <Maserati-Multi70-into-the-water-ready-to-fly/>
    <Maserati--The-Third-Edition-of-the-Paris-Modena-Ride-gets-underway/>
    <Giovanni-Soldini-and-Maserati--the-challenge-continues-aboard-a-MULTI70-trimaran/>
    <Maserati-and-La-Martina-launch--PoloStories-the-world-of-Polo-as-it-was-never-described-before/>
    <A-Maserati-one-two-at-Monza-in-the-Competition102-GT4-European-Series/>
    <From-June-4th-to-June-9th-2016-Maserati-is-hosting-the-3rd-edition-of-Paris-Modena-kilometers-for-charity/>
    <Maserati-Polo-Tour-2016-in-collaboration-with-La-Martina-gains-speed-in-Dubai-Desert-Palm-wins-1st-Maserati-Dubai-Polo-Challenge/>
    <Maserati-Levante-Debuts-At-The-Geneva-Motor-Show/>
    <Maserati-Polo-Tour-2016-with-the-technical-support-of-La-Martina-started-with-the-Snow-Polo-World-Cup-St-Moritz-in-full-speed-/>
    <Maserati-and-La-Martina-evolution-guided-by-the-spirit-of-polo/>
    <Maserati-to-compete-in-the-2016-GT4-Championships/>
    <Maserati-In-Partnership-With-Petersen-Automotive-Museum-Of-Los-Angeles/>
    <Maserati-at-the-Los-Angeles-auto-show-with-new-model-year-2016-line-up/>
    <Maserati-at-the-Los-Angeles-auto-show-with-new-model-year-2016-line-up0/>
    <Maserati-celebrates-return-to-South-Africa/>
    <Ermenegildo-Zegna-And-Maserati-Unveil-An-Exclusive-Capsule-Collection/>
    <Maserati-at-the-Frankfurt-Motor-Show/>
    <Italian-luxury-car-manufacturer-Maserati-re-enters-India/>
    <The-Cyclists-in-the-Paris-Modena-cycle-tour-cross-the-finishing-line-at-Maserati-headquarters/>
    <Opening-of-Casa-Maserati-the-exclusive-retail-store-and-lounge-bar-in-the-heart-of-Milan/>
    <Maserati---David-Millar-are-Flat-out-and-Fearless-on-iconic-Goodwood-Hillclimb-ahead-of-moving-Motor-Show-debut/>
    <The-Maserati-Lifestyle-Journey/>
    <Maserati-is-a-Platinum-Sponsor-of-the-prestigious-FT-Business-of-Luxury-Summit-2015/>
    <Array-of-Maseratis-at-Cash-Rocket-Tour-2015/>
    <Massimo-Bottura-Maserati-Brand-Ambassador/>
    <Top-South-African-model-presents-the-Maserati-range-to-the-world/>
    <Ghibli-Ermenegildo-Zegna-Edition-Concept-Premier-and-Maserati-Quattroporte-S-Q4-star-at-the-Shanghai-Auto-Show/>
    <Special-Maserati-event-in-Shanghai-celebrates-Neptune-in-the-Wind-sculpture/>
    <High-tech-Maserati-Ghibli-steals-the-show-with-Siemens-at-Hannover-Messe-2015/>
    <Maserati-at-New-York-Auto-Show/>
    <Ermenegildo-Zegna-and-Maserati-Celebrate-the-Launch-of-the-Maserati-Quattroporte-Zegna-Limited-Edition/>
    <Maserati-is-the-Official-Car-Partner-for-BASELWORLD-2015/>
    <The-Maserati-Alfieri-announced-as-2014-Concept-Car-of-the-Year/>
    <Maserati-at-the-Geneva-Motor-Show/>
    <Maserati-and-La-Martina-at-the-87th-edition-of-Pitti-Immagine-Uomo-/>
    <Maserati-at-Detroit-Auto-Show/>
    <Maserati-at-the-40th-Cannes-Yachting-Festival/>
    <Maserati-Winter-Tour-Starts--The-Elegant-Tour-Of-The-Trident-Marque-Will-Reach-The-Most-Exclusive-Winter-Resorts/>
    <Maserati-Official-Partner-of-the-2018-Longines-Masters-of-Hong-Kong-/>
    <Giovanni-Soldini-Hong-Kong-London-route-2018-Maserati-Multi-70-sail-/>
    <Soldini-Maserati-Multi70-new-holder-Hong-Kong-London-sailing-record/>
    <Maserati-chooses-88th-Geneva-Motor-Show-for-European-premiere-of-Ghibli_x002c_-Quattroporte-and-Levante-Nerissimo-Edition/>
    <World-Premiere-for-Maserati-Levante-Trofeo-at-the-2018-New-York-International-Auto-Show/>
    <Maserati-showcases-GranLusso-and-GranSport-range-strategy-at-the-Auto-China-2018/>
    <Maserati-celebrates-the-60th-anniversary-of-the-Eldorado/>
    <levante-augmented-reality-experience/>
    <World-Premiere-of-the-V8-Levante-GTS-at-Goodwood-Festival-of-Speed/>
    <Maserati-is-the-official-car-of-the-41st-Cannes-Yachting-Festival/>
    <new-Maserati-Ghibli-Ribelle-limited-edition-europe-produced-only-200-cars/>
    <giovanni-soldini-and-maserati-multi-70s-team-started-the-39th-rolex-middle-sea-race/>
    <maserati-multi-70-and-giovanni-soldini-finish-first-the-39th-rolex-middle-sea-race/>
    <maserati-multi-70-and-giovanni-soldini-started-the-5th-edition-of-the-rorc-transatlantic-race/>
    <maserati-multi-70-and-giovanni-soldini-cross-first-the-finish-line-of-the-5th-rorc-transatlantic-race/>
    <_x0032_019-maserati-multi-70-and-giovanni-soldini-are-ready-for-the-rorc-caribbean-600/>
    <maserati-multi-70-soldini-started-rorc-caribbean-600/>
    <maserati-multi-70-giovanni-soldini-were-first-cross-finish-line-RORC-Caribbean-600/>
    <Maserati-at-the-Geneva-Motor-Show-2019/>
    <Maserati-Levante-the-Allegra-Antinori-ONE-OF-ONE-at-the-Geneva-Motor-Show-2019/>
    <Maserati-at-Shanghai-Auto-Show-2019/>
    <Maserati-at-Milan-International-Design-Week-Maserati-Crafting-Italian-Experiences/>
    <Maserati-at-the-New-York-International-Auto-Show/>
    <Maserati-Quattroporte-GranLusso-A-ONE-OF-ONE-for-an-exceptional-customer-at-the-Shanghai-Auto-Show-2019/>
    <Maserati-Reveals-ONE-OF-ONE-Personalized-Levante-SUV-Custom-Crafted-for-Two-Time-NBA-Champion-Ray-Allen-Inspired-by-the-City-of-Miami/>
    <Maserati-announces-its-partnership-with-Antinori/>
    <maserati-multi-70-giovanni-soldini-san-francisco-ready-for-the-CA-500/>
    <Maserati-8CTF-fantastic-win-at-the-Indianapolis-500-in-1939/>
    <Maserati-Celebrates-its-Double-Anniversary-with-a-Grand-Tour-in-2019/>
    <Maserati-celebrates-the-50th-anniversary-first-Indy-coupe-delivery/>
    <Maserati-Tipo-60-debut-and-victory-at-Rouen-on-12-July-1959/>
    <Maserati-Multi-70-and-Giovanni-Soldini-ready-start-50th-edition-Transpacific-Yacht-Race/>
    <Maserati-Completes-Its-A-Tribute-to-China-2019-Grand-Tour-10_x002c_000km-Journey-Celebrates-15-Years-in-China/>
    <Maserati-and-Modena-80-years-of-history-passion-and-cars/>
    <Maserati-Ghibli-number-100000-leaves-the-Avv-Giovanni-Agnelli-plant-Grugliasco/>
    <Maserati-announces-plans-for-all-new-models-to-be-developed-electrified-and-produced-in-Italy/>
    <Maserati-Multi-70-and-Giovanni-Soldini-set-sail-for-the-Royal-Hong-Kong-Yacht-Club-Nha-Trang-Rally/>
    <British-Snowboard-sensation-Jamie-Barrow-breaks-Guinness-World-Record-for-fastest-speed-on-a-snowboard/>
    <GranTurismo-Zeda-projects-Maserati-towards-the-future-from-the-Modena-plant-the-new-era-for-the-Brand-begins/>
    <Maserati-opens-the-doors-to-its-Innovation-Lab/>
    <a-nightt-the-Maserati-Plant-in-Modena/>
    <new-camouflaged-Maserati-spotted-on-the-streets-of-Modena/>
    <Maserati-innovation-on-board-the-Multi-70-trimaran-the-technical-partnership-with-Giovanni-Soldini/>
    <Maserati-celebrates-60th-anniversary-of-the-launch-of-5000-GT-at-the-Turin-Motor-Show/>
    <jcr:content
        cq:designPath="/etc/designs/maserati"
        cq:lastModified="{Date}2019-12-15T17:02:08.927Z"
        cq:lastModifiedBy="F95043C"
        cq:lastReplicated="{Date}2019-12-15T17:07:46.646Z"
        cq:lastReplicatedBy="F95043C"
        cq:lastReplicationAction="Activate"
        cq:template="/apps/maserati/templates/t-news"
        jcr:isCheckedOut="{Boolean}true"
        jcr:mixinTypes="[mix:versionable]"
        jcr:primaryType="cq:PageContent"
        jcr:title="News"
        jcr:uuid="03340076-b29d-4614-97fd-40e2710a01dd"
        sling:resourceType="maserati/components/structure/t-news"
        adobeDtmPageName="news"
        brandLogoDontRedirectToHp="false"
        ctaSize="unset"
        doubleClick="false"
        hideFooter="false"
        hideFooterLeftLinks="false"
        hideFooterLinks="false"
        hideFooterLogo="false"
        hideFooterSearch="false"
        hideFooterSocial="false"
        hideInSearch="false"
        hideMainCTA="false"
        hideMenu="false"
        hideSearchDesktop="false"
        hideShoppingTool="false"
        htmlTitle="Maserati News - Keep up with the Maserati World | Maserati"
        logoHeading="false"
        mainCTATarget="_self"
        mainNewsAlignText="left"
        mainNewsColor="white"
        mainNewsFullHeight="false"
        metaDescription="Keep up with the latest news, upcoming events, videos, partnerships and exclusive stories about the Maserati World."
        mobileMenuViewSection="false"
        noFollow="false"
        noIndex="false"
        notInSitemap="false"
        secondaryCTAOrder="before"
        secondaryCTAOrderMobile="before"
        secondaryCTATarget="_self"
        textIsRich="true"
        title="News">
        <top
            jcr:primaryType="nt:unstructured"
            sling:resourceType="maserati/foundation/components/parsys"/>
    </jcr:content>
    <Maserati-Service-App-The-Maserati-experience-goes-mobile/>
    <Maserati-celebrates-105-years-of-history-and-prepares-for-the-start-of-a-new-Era/>
    <Forty-years-ago-the-Maserati-Quattroporte-was-presented-to-Italian-President-Sandro-Pertini/>
    <Maserati-Multi-70-and-Giovanni-Soldini-will-set-sail-at1430-local-time-for-the-16th-edition-of-the-Cape2Rio/>
    <maserati-royale-special-series/>
    <the-music-is-changing-maserati-starts-testing-its-first-100-electric-powertrain/>
    <maserati-premieres-levante-royale-at-the-snow-polo-world-cup-in-st-moritz/>
    <maserati-announces-plans-new-electrified-range/>
    <XYZABC-new-maserati-super-sports-car-name-reveal/>
    <orphan-link-slider-test/>
    <title/>
</jcr:root>
