<?xml version="1.0" encoding="UTF-8"?>
<jcr:root xmlns:cq="http://www.day.com/jcr/cq/1.0" xmlns:jcr="http://www.jcp.org/jcr/1.0" xmlns:rep="internal"
    jcr:mixinTypes="[rep:AccessControllable]"
    jcr:primaryType="cq:Page">
    <jcr:content/>
    <gb/>
    <it/>
    <international/>
    <de/>
    <jp/>
    <us/>
    <ch/>
    <kr/>
    <models/>
    <countries/>
    <at/>
    <au/>
    <fr/>
    <es/>
    <cn/>
    <be/>
    <pt/>
    <nl/>
    <lu/>
    <ca/>
    <nz/>
    <aa/>
    <ae/>
    <bh/>
    <ma/>
    <kw/>
    <eg/>
    <jo/>
    <lb/>
    <om/>
    <qa/>
    <sa/>
    <za/>
    <hk/>
    <mo/>
    <tw/>
    <id/>
    <in/>
    <my/>
    <ph/>
    <sg/>
    <th/>
    <vn/>
    <il/>
    <cz/>
    <pl/>
    <ru/>
    <tr/>
    <ua/>
    <ar/>
    <br/>
    <cl/>
    <co/>
    <cr/>
    <do/>
    <ec/>
    <gt/>
    <mx/>
    <pa/>
    <pe/>
    <pr/>
    <rep:policy/>
    <uy/>
    <master-latam/>
    <csr/>
</jcr:root>
